SEZ2011,COMUNE,gap_score,popolazione_eta_guida_stimata
150220000002,Besate,0.8457837792598706,1030.0
150590000040,Cassano d'Adda,0.8090312749814579,464.0
150220000001,Besate,0.8066359409766615,405.0
151390000012,Mediglia,0.8052276000196243,481.0
150990000006,Dairago,0.7709685518618672,639.0
150990000004,Dairago,0.7676872328697544,786.0
151390000005,Mediglia,0.7604290822407629,595.0
151390000004,Mediglia,0.7585618760948553,285.0
151830000004,Robecchetto con Induno,0.7553527057173448,660.0
150990000005,Dairago,0.7542589327199739,789.0
152240000010,Truccazzano,0.7476905228465803,344.0
151060000002,Gessate,0.7425160242073031,640.0
151460002842,Milano,0.741696415945421,1002.0
152360000001,Vernate,0.7404237143838364,239.0
150770000370,Cinisello Balsamo,0.7379158285402604,297.0
150770000308,Cinisello Balsamo,0.7375002525201512,669.0
151830000005,Robecchetto con Induno,0.7359793597243346,642.0
151590000014,Opera,0.7350933747370183,324.0
150770000455,Cinisello Balsamo,0.7342939680872247,535.0
151590000013,Opera,0.7339534266263019,294.0
151390000006,Mediglia,0.7320891064249785,253.0
151590000022,Opera,0.730949158314262,386.0
150990000018,Dairago,0.7297543772564479,172.0
150770000392,Cinisello Balsamo,0.7272782368032968,341.0
151390000001,Mediglia,0.726435540984742,238.0
151060000024,Gessate,0.7259449304054464,364.0
151840000008,Robecco sul Naviglio,0.7257111688941349,392.0
151780000006,Pozzuolo Martesana,0.7249463935793504,629.0
152360000004,Vernate,0.7248915606322527,298.0
150270000046,Bollate,0.7233042911110021,623.0
151840000006,Robecco sul Naviglio,0.7230185825971769,362.0
151840000003,Robecco sul Naviglio,0.7196016242096119,377.0
151780000010,Pozzuolo Martesana,0.7180720735800431,532.0
151030000093,Gaggiano,0.7171341415902132,168.0
150990000001,Dairago,0.7159220448648945,434.0
150770000393,Cinisello Balsamo,0.714057724663571,271.0
150770000310,Cinisello Balsamo,0.7121097120693088,348.0
151660000079,Paderno Dugnano,0.7118644067796609,381.0
151390000003,Mediglia,0.7112179551928244,221.0
151840000004,Robecco sul Naviglio,0.7107590900039538,287.0
151460002739,Milano,0.7105830473843242,307.0
150270000044,Bollate,0.7092237674852166,639.0
150410000011,Busto Garolfo,0.7031690557477914,558.0
150720000017,Cerro Maggiore,0.6999223680906879,1118.0
150700000003,Cernusco sul Naviglio,0.69710280023203,439.0
151060000001,Gessate,0.6955934512145499,616.0
150990000002,Dairago,0.6942688026504515,424.0
151460002738,Milano,0.694095645975406,248.0
151720000033,Pessano con Bornago,0.6917868903081323,522.0
151780000007,Pozzuolo Martesana,0.6870828006360621,426.0
150850000020,Corbetta,0.6859024493011685,346.0
150770000233,Cinisello Balsamo,0.6852357961022433,492.0
151840000007,Robecco sul Naviglio,0.6833426164550789,294.0
150770000367,Cinisello Balsamo,0.6831319425004401,562.0
151780000005,Pozzuolo Martesana,0.6813715163041439,261.0
151720000002,Pessano con Bornago,0.6810944656240712,563.0
151730000021,Pieve Emanuele,0.6808664760019278,525.0
150270000045,Bollate,0.6788232272363905,553.0
151660000293,Paderno Dugnano,0.6780267065311811,600.0
151650000001,Ozzero,0.6776659634581697,417.0
150990000003,Dairago,0.6762547365565486,705.0
150410000013,Busto Garolfo,0.6728868392269132,345.0
151030000118,Gaggiano,0.6721220639121288,203.0
150700000005,Cernusco sul Naviglio,0.6709676860784919,344.0
150770000365,Cinisello Balsamo,0.6703529798820804,366.0
150700000008,Cernusco sul Naviglio,0.6703500939374962,415.0
150720000018,Cerro Maggiore,0.6689734983708844,886.0
150700000013,Cernusco sul Naviglio,0.6688494027537684,410.0
151590000012,Opera,0.6679143567085224,202.0
150700000012,Cernusco sul Naviglio,0.6655421102603988,336.0
151840000015,Robecco sul Naviglio,0.6649591494544121,496.0
150410000004,Busto Garolfo,0.6644714248197006,442.0
150440000002,Cambiago,0.6643675308146733,568.0
151080000032,Gorgonzola,0.6637614824520139,186.0
151500000009,Morimondo,0.662852409908025,116.0
150700000002,Cernusco sul Naviglio,0.6628264364067682,224.0
151780000015,Pozzuolo Martesana,0.6626417359533863,415.0
151660000084,Paderno Dugnano,0.661850987137345,291.0
152060000014,Senago,0.6615075597318381,559.0
151460003040,Milano,0.659282496457503,377.0
151500000002,Morimondo,0.6584600022510367,313.0
150410000012,Busto Garolfo,0.6570199159035748,378.0
151150000010,Lacchiarella,0.6557183548961494,211.0
151720000007,Pessano con Bornago,0.6555884873898651,699.0
151460004257,Milano,0.6548063964075762,502.0
150770000394,Cinisello Balsamo,0.654740019682142,160.0
151650000002,Ozzero,0.6528035508662162,454.0
150700000001,Cernusco sul Naviglio,0.6527256303624458,213.0
151080000012,Gorgonzola,0.6526101925790821,602.0
150440000018,Cambiago,0.6515799103625612,370.0
151780000003,Pozzuolo Martesana,0.6512797721258157,351.0
151660000080,Paderno Dugnano,0.6511787640653723,199.0
151660000007,Paderno Dugnano,0.6510864138386814,404.0
151390000002,Mediglia,0.6508930555515473,87.0
151660000119,Paderno Dugnano,0.6505467422014563,194.0
150990000017,Dairago,0.6483678540404667,105.0
150410000014,Busto Garolfo,0.648284161647528,498.0
150770000408,Cinisello Balsamo,0.6481312065845712,517.0
152050000050,Segrate,0.6471038103126344,587.0
151780000004,Pozzuolo Martesana,0.6458743979198112,426.0
151460004432,Milano,0.6448556594816266,326.0
151660000018,Paderno Dugnano,0.6431096630082509,219.0
150590000039,Cassano d'Adda,0.6425786492047779,213.0
150020000226,Abbiategrasso,0.6421399856279959,349.0
151460004442,Milano,0.6414098416482208,250.0
151660000114,Paderno Dugnano,0.6396609592302609,468.0
151460004443,Milano,0.6394878025552153,166.0
152200000021,Trezzano sul Naviglio,0.6390635687013538,462.0
151570000124,Novate Milanese,0.6372742830592166,360.0
151060000018,Gessate,0.6363796402381481,522.0
151180000073,Legnano,0.634965527391943,637.0
151460002737,Milano,0.633586045880747,206.0
150970000048,Cusago,0.6332916795331696,244.0
150700000030,Cernusco sul Naviglio,0.6329684537397513,559.0
150700000004,Cernusco sul Naviglio,0.6318775666869645,434.0
151660000081,Paderno Dugnano,0.6311618524301097,218.0
150770000407,Cinisello Balsamo,0.6306221807928843,461.0
150500000006,Carpiano,0.6302210344956956,152.0
150770000005,Cinisello Balsamo,0.6297102223043113,229.0
150410000016,Busto Garolfo,0.6289858502137042,666.0
150770000307,Cinisello Balsamo,0.6287174573673836,183.0
150770000139,Cinisello Balsamo,0.628414433186054,295.0
150700000034,Cernusco sul Naviglio,0.6269628030602556,656.0
151840000010,Robecco sul Naviglio,0.6267001821031033,160.0
151710000159,Peschiera Borromeo,0.6259556084004074,117.0
150120000042,Bareggio,0.6255544621032187,244.0
150700000064,Cernusco sul Naviglio,0.6247896867884344,442.0
150700000026,Cernusco sul Naviglio,0.624781028954682,659.0
150700000065,Cernusco sul Naviglio,0.6244087421033341,432.0
150700000031,Cernusco sul Naviglio,0.624313505932059,787.0
150440000003,Cambiago,0.6241749805920227,428.0
151060000025,Gessate,0.6240682006424112,152.0
150770000363,Cinisello Balsamo,0.6227868412470744,330.0
150770000409,Cinisello Balsamo,0.6226858331866312,682.0
150860000038,Cormano,0.6215603147988352,377.0
150990000014,Dairago,0.6212486327837533,107.0
150700000017,Cernusco sul Naviglio,0.6205646639173235,448.0
151300000230,Magenta,0.6202212365118165,266.0
150700000011,Cernusco sul Naviglio,0.6200740533380278,286.0
150700000018,Cernusco sul Naviglio,0.619548811423723,297.0
150720000020,Cerro Maggiore,0.619358339081173,456.0
150410000015,Busto Garolfo,0.6193092780232434,403.0
152110000030,Settimo Milanese,0.6184247360082191,420.0
150700000007,Cernusco sul Naviglio,0.6182703379729703,384.0
151700000040,Pero,0.6176296582753018,340.0
150770000237,Cinisello Balsamo,0.6167667608446582,221.0
150140000002,Basiano,0.6152804993838508,716.0
151570000123,Novate Milanese,0.615191035101744,441.0
151660000262,Paderno Dugnano,0.6135864499129888,359.0
151730000022,Pieve Emanuele,0.6135777920792365,431.0
151460002845,Milano,0.6134825559079615,71.0
151720000005,Pessano con Bornago,0.6126831492581679,906.0
150720000016,Cerro Maggiore,0.6125244223060429,473.0
150120000032,Bareggio,0.6122213981247132,250.0
151540000021,Nerviano,0.6116413232633107,686.0
150700000024,Cernusco sul Naviglio,0.6111709142961037,424.0
150770000230,Cinisello Balsamo,0.6110699062356604,147.0
150770000002,Cinisello Balsamo,0.6110208451777309,384.0
151460004258,Milano,0.6103109028100442,348.0
150590000004,Cassano d'Adda,0.6091363233643188,415.0
151460004438,Milano,0.6090035699134505,287.0
150770000004,Cinisello Balsamo,0.6084321528858003,578.0
150700000027,Cernusco sul Naviglio,0.607702008906025,429.0
151390000007,Mediglia,0.6074971068405544,363.0
150440000015,Cambiago,0.6067900504174519,395.0
150770000036,Cinisello Balsamo,0.6067813925836996,352.0
151660000296,Paderno Dugnano,0.606038261853296,341.0
150120000016,Bareggio,0.6054076829616718,270.0
150120000001,Bareggio,0.6050469398886602,415.0
151660000008,Paderno Dugnano,0.6039069917779439,379.0
151700000029,Pero,0.6036905459341368,249.0
150410000005,Busto Garolfo,0.6032778558586118,393.0
151400000035,Melegnano,0.603248996412771,531.0
150440000014,Cambiago,0.6030844975714776,333.0
152000000005,Santo Stefano Ticino,0.6029661738435299,452.0
151660000240,Paderno Dugnano,0.6016761566144406,382.0
150770000021,Cinisello Balsamo,0.60096332830217,234.0
151140000012,Inzago,0.5994164620050966,487.0
150440000008,Cambiago,0.5990701486550055,674.0
151420000028,Melzo,0.5984006095114961,586.0
151420000026,Melzo,0.5981495323326802,668.0
152370000018,Vignate,0.5981177869422551,369.0
150600000026,Cassina de' Pecchi,0.5979128848767845,616.0
151460004441,Milano,0.5976820093100572,230.0
151300000220,Magenta,0.5975810012496141,171.0
150770000368,Cinisello Balsamo,0.5967613929877319,164.0
151030000138,Gaggiano,0.5967296475973068,126.0
150770000011,Cinisello Balsamo,0.5966979022068819,304.0
150410000003,Busto Garolfo,0.5964699125847386,291.0
150970000002,Cusago,0.5957686280508041,227.0
151030000117,Gaggiano,0.5953790255319518,173.0
150770000216,Cinisello Balsamo,0.5949259322322493,208.0
150770000153,Cinisello Balsamo,0.5946431096630083,606.0
151720000006,Pessano con Bornago,0.593976456464083,627.0
150770000141,Cinisello Balsamo,0.593886992181976,208.0
151660000294,Paderno Dugnano,0.5937859841215329,411.0
150720000012,Cerro Maggiore,0.591407965784241,477.0
151840000014,Robecco sul Naviglio,0.590689365582802,285.0
151780000009,Pozzuolo Martesana,0.5906749358598816,250.0
151660000053,Paderno Dugnano,0.5903430522327111,334.0
150410000028,Busto Garolfo,0.5900948609984791,279.0
151660000086,Paderno Dugnano,0.5899072746005132,268.0
151140000011,Inzago,0.5891251836182242,455.0
150050000021,Albairate,0.5884267850288739,68.0
150770000229,Cinisello Balsamo,0.5884238990842898,218.0
151660000087,Paderno Dugnano,0.5872897228627416,268.0
151660000201,Paderno Dugnano,0.5870126721826687,295.0
151390000014,Mediglia,0.586830857673871,222.0
151780000013,Pozzuolo Martesana,0.5862161514774593,377.0
151660000113,Paderno Dugnano,0.5858034614019341,183.0
150770000017,Cinisello Balsamo,0.5848655294121042,299.0
151400000034,Melegnano,0.5844961285053405,550.0
151080000022,Gorgonzola,0.5843056561627904,382.0
151460004447,Milano,0.5842161918806835,296.0
151950000009,San Giuliano Milanese,0.5833359787825354,402.0
151660000118,Paderno Dugnano,0.5832176550545876,252.0
150770000364,Cinisello Balsamo,0.5831166469941444,192.0
151460004435,Milano,0.5830704718807989,281.0
150700000022,Cernusco sul Naviglio,0.5827530179765488,416.0
150770000142,Cinisello Balsamo,0.5826173785810965,400.0
151460004489,Milano,0.5823489857347759,258.0
151180000085,Legnano,0.5820748209992872,568.0
151300000058,Magenta,0.5816679028129301,277.0
150770000235,Cinisello Balsamo,0.580721312989348,188.0
150770000458,Cinisello Balsamo,0.5806982254326754,723.0
150410000001,Busto Garolfo,0.5804442623092751,274.0
152010000013,San Vittore Olona,0.5803980871959297,186.0
150770000143,Cinisello Balsamo,0.5803865434175933,206.0
151780000016,Pozzuolo Martesana,0.5801441240725296,222.0
150700000009,Cernusco sul Naviglio,0.5797978107224385,100.0
151660000203,Paderno Dugnano,0.5786174593875448,191.0
151730000018,Pieve Emanuele,0.5784731621583403,709.0
150770000218,Cinisello Balsamo,0.578152822309506,186.0
150770000006,Cinisello Balsamo,0.5779161748536105,265.0
150770000010,Cinisello Balsamo,0.5775669755589353,448.0
151660000210,Paderno Dugnano,0.5751341242745457,124.0
151460004981,Milano,0.5744934445768772,316.0
150870000004,Cornaredo,0.5743231738464158,634.0
151400000037,Melegnano,0.5741327015038657,197.0
151660000111,Paderno Dugnano,0.5740028339975816,257.0
151300000039,Magenta,0.573890282158802,164.0
151840000012,Robecco sul Naviglio,0.5737690724862701,185.0
150700000014,Cernusco sul Naviglio,0.5736911519824996,772.0
151460004434,Milano,0.573416987247011,412.0
151660000261,Paderno Dugnano,0.5724299941992514,219.0
151730000017,Pieve Emanuele,0.5723030126375512,564.0
150720000015,Cerro Maggiore,0.5720548214033194,633.0
151730000020,Pieve Emanuele,0.5717546831665739,561.0
150770000022,Cinisello Balsamo,0.5716277016048739,253.0
150270000047,Bollate,0.5711457488593303,761.0
151780000001,Pozzuolo Martesana,0.5711197753580737,333.0
151570000053,Novate Milanese,0.570600305332937,149.0
151300000006,Magenta,0.5702337903707573,240.0
151460006077,Milano,0.5698211002952321,285.0
150770000062,Cinisello Balsamo,0.5696912327889481,531.0
151460003225,Milano,0.568658064627843,211.0
151720000008,Pessano con Bornago,0.5684127593381952,446.0
150770000058,Cinisello Balsamo,0.5681328227135383,179.0
151460001263,Milano,0.5671746891116197,445.0
151460002843,Milano,0.5670217340486629,68.0
152110000135,Settimo Milanese,0.5667619990360945,298.0
150120000002,Bareggio,0.5667533412023422,406.0
152110000025,Settimo Milanese,0.5660664863913283,337.0
151300000027,Magenta,0.5660289691117351,259.0
151590000046,Opera,0.5656105071470419,193.0
151030000119,Gaggiano,0.5643666650312981,126.0
150870000003,Cornaredo,0.5643320336962889,523.0
151890000215,Rozzano,0.5643060601950322,206.0
152010000007,San Vittore Olona,0.5630824196913771,644.0
150770000012,Cinisello Balsamo,0.5626264404470906,197.0
151660000129,Paderno Dugnano,0.5623061005982564,155.0
151660000082,Paderno Dugnano,0.5620607953086085,79.0
151840000005,Robecco sul Naviglio,0.5620521374748562,65.0
151150000005,Lacchiarella,0.5616885084572606,263.0
151660000200,Paderno Dugnano,0.5614085718326036,430.0
150600000048,Cassina de' Pecchi,0.5613364232180014,270.0
150270000043,Bollate,0.560790979691608,694.0
151830000002,Robecchetto con Induno,0.5606409105732351,609.0
151400000039,Melegnano,0.5606322527394829,342.0
151840000020,Robecco sul Naviglio,0.560104124880594,305.0
150770000019,Cinisello Balsamo,0.5600925811022577,187.0
150770000003,Cinisello Balsamo,0.5599280822609645,271.0
150320000089,Bresso,0.5592325696161982,249.0
150700000028,Cernusco sul Naviglio,0.5586611525885479,206.0
151660000001,Paderno Dugnano,0.557596239037018,201.0
151460006078,Milano,0.557593353092434,210.0
151590000038,Opera,0.5571864349060769,248.0
150400000002,Bussero,0.5571027425131383,684.0
150700000029,Cernusco sul Naviglio,0.5569093842260041,423.0
152130000011,Solaro,0.5562715904729199,309.0
151730000019,Pieve Emanuele,0.556060916518281,558.0
150860000037,Cormano,0.5559108473999083,273.0
151780000014,Pozzuolo Martesana,0.5558473566190583,353.0
151840000047,Robecco sul Naviglio,0.5546323739491554,123.0
151400000006,Melegnano,0.5541475352590279,650.0
152110000153,Settimo Milanese,0.5538243094656097,478.0
152060000016,Senago,0.5537406170726709,517.0
151460004436,Milano,0.5534981977276072,181.0
151700000031,Pero,0.5534722242263503,124.0
152000000003,Santo Stefano Ticino,0.5530249028158162,657.0
151300000071,Magenta,0.5529758417578865,358.0
151660000372,Paderno Dugnano,0.5527189926899023,155.0
151460003224,Milano,0.552707448911566,212.0
151030000092,Gaggiano,0.5522312680551907,108.0
150410000002,Busto Garolfo,0.5520177081559681,346.0
152110000140,Settimo Milanese,0.551547299188761,278.0
151460002750,Milano,0.5513366252341223,256.0
150770000112,Cinisello Balsamo,0.5512875641761927,213.0
150770000033,Cinisello Balsamo,0.5502457381813355,273.0
150140000001,Basiano,0.5501591598438127,840.0
152480000014,Villa Cortese,0.5496541195415965,461.0
150770000401,Cinisello Balsamo,0.5491923684081419,340.0
150590000086,Cassano d'Adda,0.5489845803980872,185.0
151660000232,Paderno Dugnano,0.548851826947219,130.0
152110000014,Settimo Milanese,0.5480524202974255,570.0
151060000020,Gessate,0.548009131128664,207.0
151590000006,Opera,0.5479802716828232,342.0
151460001265,Milano,0.5478965792898844,148.0
151660000117,Paderno Dugnano,0.5474290562672615,219.0
151030000145,Gaggiano,0.5472616714813842,72.0
150860000049,Cormano,0.5457003754613904,295.0
151180000034,Legnano,0.5453569480558834,480.0
151460003060,Milano,0.5452328524387675,233.0
151460004976,Milano,0.5449760033707832,327.0
151660000061,Paderno Dugnano,0.5449384860911901,264.0
150960000007,Cuggiono,0.5448865390886763,357.0
151300000017,Magenta,0.544589286796515,135.0
150090000065,Arese,0.5439226335975897,439.0
151950000113,San Giuliano Milanese,0.5438851163179965,247.0
151400000040,Melegnano,0.5436138375270918,613.0
152110000124,Settimo Milanese,0.5435301451341532,205.0
150600000019,Cassina de' Pecchi,0.5435214873004008,533.0
151500000001,Morimondo,0.5434464527412144,265.0
151300000090,Magenta,0.5431751739503098,173.0
151660000028,Paderno Dugnano,0.5427018790385187,395.0
150700000019,Cernusco sul Naviglio,0.5426672477035097,413.0
151300000321,Magenta,0.5419053583333093,106.0
151660000015,Paderno Dugnano,0.541740859492016,242.0
150410000010,Busto Garolfo,0.5416571670990774,243.0
151150000006,Lacchiarella,0.5409327950084701,255.0
151460002844,Milano,0.5408895058397089,86.0
151460002567,Milano,0.5404248687616702,329.0
151460003223,Milano,0.5400670116332427,497.0
151060000003,Gessate,0.5399833192403041,120.0
150700000006,Cernusco sul Naviglio,0.5394003584343174,180.0
151810000019,Rescaldina,0.5391579390892536,360.0
151810000020,Rescaldina,0.5390944483084037,277.0
151460002565,Milano,0.5387741084595694,327.0
151460004233,Milano,0.5380555082581304,194.0
151180000041,Legnano,0.538046850424378,428.0
151460003112,Milano,0.5380035612556168,349.0
151570000119,Novate Milanese,0.5375389241775779,288.0
151300000080,Magenta,0.5375360382329939,276.0
152020000003,San Zenone al Lambro,0.537134891935805,362.0
151660000004,Paderno Dugnano,0.53697616498368,188.0
151080000009,Gorgonzola,0.5368924725907412,531.0
151300000304,Magenta,0.5368607272003163,861.0
150770000121,Cinisello Balsamo,0.5361276972759569,285.0
151050000014,Garbagnate Milanese,0.5350223805002496,346.0
150440000001,Cambiago,0.5344480775280153,539.0
151570000032,Novate Milanese,0.5340353874524901,162.0
151300000013,Magenta,0.5339892123391448,123.0
150770000502,Cinisello Balsamo,0.5332071213568557,187.0
150770000241,Cinisello Balsamo,0.5330570522384829,288.0
151460004433,Milano,0.5330426225155624,238.0
151590000023,Opera,0.5324221444299826,588.0
151400000038,Melegnano,0.5324077147070623,244.0
151660000020,Paderno Dugnano,0.5317670350093937,113.0
151460001266,Milano,0.5317526052864733,283.0
151460003066,Milano,0.5314062919363822,209.0
152110000120,Settimo Milanese,0.5313889762688777,190.0
150720000013,Cerro Maggiore,0.5309531986366798,428.0
151460004446,Milano,0.5307973576291388,223.0
151660000295,Paderno Dugnano,0.530302418132967,261.0
152370000008,Vignate,0.5302259406014886,524.0
151460002751,Milano,0.5301523490145943,262.0
151180000035,Legnano,0.5294784809542088,400.0
150970000047,Cusago,0.5293399556141724,116.0
150600000053,Cassina de' Pecchi,0.5289647828182403,410.0
150960000008,Cuggiono,0.528485716017281,392.0
151300000040,Magenta,0.5277267125916647,147.0
151840000038,Robecco sul Naviglio,0.527605502919133,129.0
150770000234,Cinisello Balsamo,0.5272649614582101,179.0
151660000348,Paderno Dugnano,0.5269417356647919,196.0
150770000398,Cinisello Balsamo,0.5268493854381009,274.0
150320000087,Bresso,0.5265521331459393,168.0
150720000006,Cerro Maggiore,0.5262693105766982,449.0
151660000272,Paderno Dugnano,0.5259836020628732,252.0
151660000231,Paderno Dugnano,0.5255939995440208,182.0
151890000097,Rozzano,0.5255535963198434,417.0
151030000151,Gaggiano,0.525351580198957,134.0
151300000264,Magenta,0.5248292242292364,92.0
152370000007,Vignate,0.524540629770827,547.0
150780000005,Cisliano,0.5245031124912339,228.0
151460004979,Milano,0.5243732449849499,175.0
151050000029,Garbagnate Milanese,0.5243674730957816,563.0
151570000082,Novate Milanese,0.5241567991411429,346.0
151840000017,Robecco sul Naviglio,0.5236921620631041,190.0
150770000038,Cinisello Balsamo,0.5235218913326426,252.0
151660000024,Paderno Dugnano,0.523501689720554,233.0
151660000055,Paderno Dugnano,0.5233545065467653,280.0
150770000437,Cinisello Balsamo,0.5232621563200743,186.0
152060000005,Senago,0.5232159812067289,467.0
151660000014,Paderno Dugnano,0.5229793337508333,325.0
150870000009,Cornaredo,0.5227513441286901,815.0
150700000035,Cernusco sul Naviglio,0.5225724155644764,816.0
151300000041,Magenta,0.5222636194939785,155.0
151030000091,Gaggiano,0.521371862617494,77.0
150700000016,Cernusco sul Naviglio,0.5212044778316167,389.0
151300000279,Magenta,0.5211525308291031,211.0
150440000004,Cambiago,0.5206994375294005,305.0
151300000004,Magenta,0.5205060792422664,143.0
151400000003,Melegnano,0.5205031932976822,541.0
151460003064,Milano,0.5200212405521389,157.0
150260000008,Boffalora sopra Ticino,0.5197615055395706,251.0
152050000042,Segrate,0.5195739191416047,613.0
151460003062,Milano,0.5195681472524365,182.0
150270000049,Bollate,0.5193921046328069,390.0
150700000050,Cernusco sul Naviglio,0.519242035514434,422.0
150720000011,Cerro Maggiore,0.5191323696202386,365.0
151700000088,Pero,0.5189996161693703,502.0
150770000306,Cinisello Balsamo,0.5186417590409429,115.0
151460004259,Milano,0.5185696104263406,280.0
150770000060,Cinisello Balsamo,0.5183849099729587,258.0
150820000002,Colturano,0.5183704802500382,510.0
151570000101,Novate Milanese,0.5183531645825337,159.0
151570000092,Novate Milanese,0.5182463846329223,308.0
152060000023,Senago,0.5181843368243644,1474.0
151080000045,Gorgonzola,0.5180357106782836,198.0
151570000065,Novate Milanese,0.5179722198974335,133.0
151030000077,Gaggiano,0.5176951692173607,69.0
151300000073,Magenta,0.5174873812073061,400.0
151730000025,Pieve Emanuele,0.5170458316859401,493.0
150770000109,Cinisello Balsamo,0.5170025425171787,290.0
151660000063,Paderno Dugnano,0.5168986485121513,328.0
151810000010,Rescaldina,0.5168048553131683,733.0
151780000002,Pozzuolo Martesana,0.5167832107287875,479.0
152130000009,Solaro,0.5167774388396194,538.0
151460004975,Milano,0.5166533432225034,480.0
151660000121,Paderno Dugnano,0.5166360275549988,117.0
152430000088,Vittuone,0.5163705206532624,193.0
151570000003,Novate Milanese,0.5162521969253147,289.0
150700000032,Cernusco sul Naviglio,0.5157760160689394,422.0
151300000260,Magenta,0.515640376673487,107.0
151460001262,Milano,0.5155335967238757,204.0
151180000029,Legnano,0.5151209066483505,288.0
151420000022,Melzo,0.5150574158675005,480.0
151300000048,Magenta,0.5149708375299777,206.0
151300000011,Magenta,0.5148438559682778,141.0
151710000120,Peschiera Borromeo,0.5144513675048412,279.0
150500000014,Carpiano,0.5143676751119025,93.0
150860000027,Cormano,0.514035791484732,422.0
152060000027,Senago,0.5139174677567842,88.0
151660000044,Paderno Dugnano,0.5136202154646227,116.0
152060000011,Senago,0.5131483635251235,791.0
151460003283,Milano,0.5124889251876585,242.0
152110000007,Settimo Milanese,0.5123417420138698,369.0
150410000019,Busto Garolfo,0.5123330841801176,369.0
151840000030,Robecco sul Naviglio,0.5122234182859221,89.0
151080000023,Gorgonzola,0.511816500099565,378.0
151460004993,Milano,0.5111094436764625,344.0
151850000008,Rodano,0.5111036717872943,110.0
150550000005,Casarile,0.5105033953138032,175.0
150050000022,Albairate,0.5104947374800509,67.0
150770000236,Cinisello Balsamo,0.5102927213591644,133.0
150600000036,Cassina de' Pecchi,0.5092076061955458,336.0
150700000015,Cernusco sul Naviglio,0.5089666298227742,570.0
152110000011,Settimo Milanese,0.5085178654399478,128.0
150770000362,Cinisello Balsamo,0.5080445705281567,70.0
151300000289,Magenta,0.507992623525643,68.0
152040000030,Sedriano,0.5078454403518544,422.0
152110000037,Settimo Milanese,0.507678055565977,291.0
151890000094,Rozzano,0.5075222145584359,455.0
150140000012,Basiano,0.5071961028204337,232.0
152370000009,Vignate,0.506735794659271,539.0
151460003226,Milano,0.506113873601399,125.0
151660000021,Paderno Dugnano,0.5060013217626196,100.0
150850000055,Corbetta,0.5059753482613627,247.0
151570000125,Novate Milanese,0.5059320590926013,127.0
151950000118,San Giuliano Milanese,0.5056146051883512,173.0
151400000004,Melegnano,0.5054962814604034,268.0
151570000002,Novate Milanese,0.5047257342564508,323.0
151570000109,Novate Milanese,0.5044659992438825,316.0
151660000214,Paderno Dugnano,0.5041514312842164,90.0
151460003222,Milano,0.5041196858937915,193.0
151700000073,Pero,0.503666592594089,252.0
151460003285,Milano,0.5034039716369366,235.0
151660000027,Paderno Dugnano,0.5031586663472889,341.0
152110000134,Settimo Milanese,0.5030547723422615,91.0
150590000010,Cassano d'Adda,0.5025035569266999,155.0
150120000034,Bareggio,0.5022178484128748,212.0
150770000122,Cinisello Balsamo,0.5014761606547631,241.0
151460001267,Milano,0.5014761606547631,300.0
151720000009,Pessano con Bornago,0.5011615926950971,192.0
150770000316,Cinisello Balsamo,0.5011500489167607,130.0
151570000060,Novate Milanese,0.5011356191938403,278.0
150770000015,Cinisello Balsamo,0.5004603081611627,255.0
151570000108,Novate Milanese,0.49998124136020344,160.0
151460003114,Milano,0.4996262701763601,257.0
150770000231,Cinisello Balsamo,0.4995050605038282,91.0
150770000184,Cinisello Balsamo,0.49947042916881906,250.0
151570000058,Novate Milanese,0.49903176559203716,341.0
150090000007,Arese,0.4988239775819825,209.0
151460004250,Milano,0.49878068841322104,175.0
151460003248,Milano,0.49823524488682763,331.0
150740000028,Cesano Boscone,0.49795963717904684,508.0
151460003252,Milano,0.4975974511337433,203.0
151570000085,Novate Milanese,0.4974387241816183,256.0
151220000012,Liscate,0.49727711128490915,81.0
151460004980,Milano,0.4971501297232091,134.0
151660000184,Paderno Dugnano,0.49678361476102934,225.0
150770000383,Cinisello Balsamo,0.49676918503810885,234.0
151300000168,Magenta,0.49652387974846107,160.0
151460004266,Milano,0.4961746804537859,373.0
152370000031,Vignate,0.49587742816162445,85.0
151580000063,Noviglio,0.49559171964779936,155.0
151660000064,Paderno Dugnano,0.4955253429223652,163.0
151660000052,Paderno Dugnano,0.4955080272548606,144.0
150990000016,Dairago,0.4954820537536039,119.0
151460001275,Milano,0.4954647380860992,194.0
151840000018,Robecco sul Naviglio,0.4952598360206288,239.0
151460004268,Milano,0.49474036599549215,251.0
150090000101,Arese,0.4941429754665851,259.0
151300000010,Magenta,0.4940419674061419,144.0
150590000052,Cassano d'Adda,0.49388035450943263,258.0
150090000097,Arese,0.49383995128525543,237.0
151300000056,Magenta,0.49357444438351894,272.0
151660000375,Paderno Dugnano,0.49319061375383466,74.0
151660000025,Paderno Dugnano,0.4927115469528754,266.0
150050000018,Albairate,0.49262208267076857,136.0
151570000120,Novate Milanese,0.49198717486226834,208.0
150770000023,Cinisello Balsamo,0.49175052740637276,157.0
151300000036,Magenta,0.49175052740637276,204.0
150700000070,Cernusco sul Naviglio,0.491725996877408,252.0
151060000028,Gessate,0.49158025667591126,152.0
151460002824,Milano,0.4906221230739927,266.0
151570000005,Novate Milanese,0.4905211150135495,198.0
150320000084,Bresso,0.4904749399002041,174.0
151390000008,Mediglia,0.490128626550113,119.0
150600000041,Cassina de' Pecchi,0.4900680217138471,292.0
151050000018,Garbagnate Milanese,0.49001030282216523,415.0
151460003059,Milano,0.4899843293209084,150.0
151150000009,Lacchiarella,0.4896033846358082,164.0
151030000062,Gaggiano,0.48897713466106024,167.0
151300000221,Magenta,0.48877223259558966,89.0
150770000382,Cinisello Balsamo,0.48779101143699843,51.0
151810000007,Rescaldina,0.4877433933513608,468.0
150860000035,Cormano,0.48766402987529833,326.0
151460005187,Milano,0.48766402987529833,151.0
151180000031,Legnano,0.48735523380480045,220.0
150090000100,Arese,0.48666837899378657,125.0
151700000075,Pero,0.4863826704799615,184.0
151420000024,Melzo,0.48631917969911137,270.0
151750000047,Pioltello,0.4862499170290932,290.0
150360000044,Buccinasco,0.48623837325075686,90.0
150770000009,Cinisello Balsamo,0.4862354873061728,222.0
151030000141,Gaggiano,0.48610850574447273,45.0
150600000011,Cassina de' Pecchi,0.4858170253414794,88.0
151460004774,Milano,0.48573188997624867,277.0
150770000311,Cinisello Balsamo,0.4854360806563793,91.0
150770000151,Cinisello Balsamo,0.4851619159208904,167.0
151660000290,Paderno Dugnano,0.48491083874207447,237.0
150770000239,Cinisello Balsamo,0.484864663628729,163.0
150150000013,Basiglio,0.48452412216780616,133.0
151180000030,Legnano,0.4842124401527242,375.0
150720000005,Cerro Maggiore,0.4836381371804899,737.0
151650000003,Ozzero,0.4835861901779762,60.0
151570000118,Novate Milanese,0.4834880680621171,232.0
151570000126,Novate Milanese,0.4832889378858147,124.0
151460004777,Milano,0.48317927199161925,319.0
150380000015,Buscate,0.4831792719916192,209.0
151820000322,Rho,0.48297148398156464,377.0
151300000002,Magenta,0.48284161647528046,124.0
150770000049,Cinisello Balsamo,0.48258476740729617,176.0
151890000099,Rozzano,0.4823308042838962,181.0
151660000271,Paderno Dugnano,0.48223268216803705,214.0
150020000203,Abbiategrasso,0.48213456005217786,197.0
150700000021,Cernusco sul Naviglio,0.48185750937210503,162.0
150740000029,Cesano Boscone,0.4816093181378731,281.0
151890000031,Rozzano,0.4812875353167468,403.0
151890000216,Rozzano,0.48069447370471585,121.0
151460004139,Milano,0.48055594836467946,182.0
151660000076,Paderno Dugnano,0.48013748639998616,73.0
151660000060,Paderno Dugnano,0.4801230566770657,189.0
150740000003,Cesano Boscone,0.4786858562741878,288.0
152370000012,Vignate,0.47847518231954905,141.0
151570000088,Novate Milanese,0.4784318931507877,239.0
150770000149,Cinisello Balsamo,0.4783597445361854,206.0
150770000418,Cinisello Balsamo,0.47829913969991944,165.0
151570000008,Novate Milanese,0.4782673943094945,171.0
151460004130,Milano,0.4782010175840603,271.0
150120000115,Bareggio,0.47784316045563296,80.0
151460004262,Milano,0.4775257065513828,275.0
151460003113,Milano,0.4773034888184077,116.0
151400000005,Melegnano,0.47714476186628263,217.0
151300000037,Magenta,0.47674650151367787,100.0
150770000410,Cinisello Balsamo,0.47637710060691413,149.0
150770000035,Cinisello Balsamo,0.4762530049897981,103.0
151660000115,Paderno Dugnano,0.4762356893222936,160.0
150770000238,Cinisello Balsamo,0.4748475499773453,132.0
150770000020,Cinisello Balsamo,0.47458781496477703,126.0
151720000011,Pessano con Bornago,0.4745676133526883,113.0
151460003227,Milano,0.4741376076096587,122.0
151660000289,Paderno Dugnano,0.473895188264595,250.0
151590000044,Opera,0.4735806203049289,212.0
151460004131,Milano,0.4731592723956514,254.0
151460004196,Milano,0.47306980811354465,143.0
151030000095,Gaggiano,0.4730034313881104,79.0
152040000071,Sedriano,0.47295725627476504,157.0
150960000009,Cuggiono,0.47259651320175355,409.0
150700000020,Cernusco sul Naviglio,0.4725734256450807,197.0
151030000128,Gaggiano,0.47221268257206933,166.0
151460003047,Milano,0.4713497851414257,256.0
151810000021,Rescaldina,0.4712199176351416,282.0
151400000036,Melegnano,0.47090246373089145,254.0
151570000105,Novate Milanese,0.4707264211112618,160.0
151460004437,Milano,0.4705850098266413,119.0
151460003063,Milano,0.470074197635257,126.0
152290000011,Vanzago,0.46976828750934324,96.0
151460003045,Milano,0.46959224488971363,190.0
151660000026,Paderno Dugnano,0.46874666312657465,199.0
152370000030,Vignate,0.46866297073363594,127.0
151300000223,Magenta,0.46855907672860864,101.0
151570000039,Novate Milanese,0.4678347046380015,161.0
152110000052,Settimo Milanese,0.46742778645164457,136.0
151660000220,Paderno Dugnano,0.4672142265524217,107.0
151460004439,Milano,0.4669458337061012,80.0
152060000015,Senago,0.46692563209401255,243.0
152430000042,Vittuone,0.46646388096055785,121.0
151460002753,Milano,0.46632246967593727,248.0
151460005630,Milano,0.46565870242159607,328.0
151460003209,Milano,0.46556923813948925,190.0
150770000219,Cinisello Balsamo,0.4651334605072913,83.0
151820000283,Rho,0.46513057456270723,253.0
151700000015,Pero,0.46422438796330234,263.0
151460003065,Milano,0.46407143290034547,231.0
151540000022,Nerviano,0.4637308914394226,209.0
152110000125,Settimo Milanese,0.4632143073588701,115.0
151460004451,Milano,0.4630498085175769,87.0
151300000069,Magenta,0.4629026253437882,254.0
151570000103,Novate Milanese,0.46245818987783793,92.0
150120000046,Bareggio,0.46239181315240385,121.0
151300000005,Magenta,0.4622504018677834,92.0
151460004269,Milano,0.4622273143111106,351.0
151460003208,Milano,0.4607381669057191,272.0
151300000025,Magenta,0.46018983743474157,178.0
152430000045,Vittuone,0.45893733748524557,196.0
151660000011,Paderno Dugnano,0.4581581324475407,176.0
150770000018,Cinisello Balsamo,0.4578002753191133,116.0
151460004978,Milano,0.45773678453826333,64.0
151660000159,Paderno Dugnano,0.45716248156602896,214.0
150770000124,Cinisello Balsamo,0.4567469055459197,202.0
150410000009,Busto Garolfo,0.4567440196013356,347.0
151460002586,Milano,0.45662569587338786,126.0
150860000036,Cormano,0.4562534090220399,238.0
151890000102,Rozzano,0.4561379712386763,146.0
151060000027,Gessate,0.4552260127501032,79.0
150700000046,Cernusco sul Naviglio,0.45441794826655735,139.0
151420000025,Melzo,0.4541899586444141,435.0
150770000041,Cinisello Balsamo,0.45414089758648457,113.0
150770000179,Cinisello Balsamo,0.4537080058988707,215.0
151300000078,Magenta,0.45336169254877967,110.0
151660000019,Paderno Dugnano,0.45324625476541597,82.0
151460004129,Milano,0.45305866836745,204.0
150020000228,Abbiategrasso,0.452276577385161,79.0
151460005188,Milano,0.45192737809048594,165.0
150770000050,Cinisello Balsamo,0.451491600458288,162.0
151460004977,Milano,0.4513011281157379,137.0
151750000070,Pioltello,0.45110776982860373,186.0
151460003217,Milano,0.45014963622668513,135.0
151460003229,Milano,0.4501178908362602,143.0
151460005194,Milano,0.4496301662015486,217.0
150320000082,Bresso,0.4488249876625868,291.0
151820000178,Rho,0.44860276992961184,262.0
150590000074,Cassano d'Adda,0.44768792549645464,165.0
151700000023,Pero,0.44636904882152456,169.0
151460003218,Milano,0.44563313295258106,110.0
150590000009,Cassano d'Adda,0.4455494405596424,82.0
150600000044,Cassina de' Pecchi,0.44550326544629687,153.0
152130000012,Solaro,0.44536185416167634,242.0
151700000034,Pero,0.44531856499291506,81.0
151950000109,San Giuliano Milanese,0.44503429945138195,977.0
150770000045,Cinisello Balsamo,0.44494339219698303,230.0
150770000304,Cinisello Balsamo,0.44493184841864664,73.0
151460003067,Milano,0.4449289624740626,115.0
151080000026,Gorgonzola,0.44484959899800003,1013.0
151730000012,Pieve Emanuele,0.44473704715922047,1109.0
152290000019,Vanzago,0.4446071796529363,863.0
152430000048,Vittuone,0.44460285073606015,141.0
150610000003,Cassinetta di Lugagnano,0.44453214509374983,1239.0
152500000026,Baranzate,0.4444599964791476,1242.0
151460003245,Milano,0.44444412378393505,298.0
151080000019,Gorgonzola,0.4442464365799248,973.0
151400000033,Melegnano,0.44368656333061085,645.0
151050000021,Garbagnate Milanese,0.4435682396026631,757.0
151050000019,Garbagnate Milanese,0.44352206448931764,996.0
152500000034,Baranzate,0.44345857370846764,1134.0
151300000237,Magenta,0.44316276438859825,72.0
151950000071,San Giuliano Milanese,0.4430834009125356,758.0
151590000045,Opera,0.44295353340625154,595.0
152040000096,Sedriano,0.44294054665562316,162.0
151460003290,Milano,0.44293188882187084,169.0
150700000023,Cernusco sul Naviglio,0.4429015864037379,713.0
150870000012,Cornaredo,0.44278037673120596,782.0
152000000004,Santo Stefano Ticino,0.44267936867076274,1049.0
151050000031,Garbagnate Milanese,0.4425639308873991,936.0
151770000003,Pozzo d'Adda,0.4420156014164216,1111.0
151820000201,Rho,0.4419521106355715,619.0
151950000090,San Giuliano Milanese,0.44194056685723515,492.0
151770000004,Pozzo d'Adda,0.44187996202096924,949.0
150770000016,Cinisello Balsamo,0.4418525455474204,131.0
150120000035,Bareggio,0.4418179142124113,127.0
151460003249,Milano,0.4417111342627999,114.0
150740000047,Cesano Boscone,0.44154519244921453,914.0
150090000018,Arese,0.44146150005627594,482.0
150770000305,Cinisello Balsamo,0.44134461930062024,79.0
151460004303,Milano,0.44131287391019514,236.0
151890000149,Rozzano,0.44128545743664627,706.0
151850000006,Rodano,0.4412825714920622,621.0
151950000106,San Giuliano Milanese,0.44124794015705304,512.0
151460004133,Milano,0.4412407252955929,132.0
152200000020,Trezzano sul Naviglio,0.4412060939605838,96.0
151660000226,Paderno Dugnano,0.44119743612683143,124.0
151920000051,San Donato Milanese,0.4409160565298825,667.0
150820000001,Colturano,0.440650549628146,738.0
151460003068,Milano,0.44047017809164024,139.0
152110000091,Settimo Milanese,0.44027249088763,683.0
151460005189,Milano,0.4401440663536379,158.0
151590000018,Opera,0.43990308998086614,669.0
151890000098,Rozzano,0.4398092967818832,99.0
151440000002,Mesero,0.43977610841916615,826.0
151950000107,San Giuliano Milanese,0.4395740922982797,713.0
151700000020,Pero,0.43952936015722627,244.0
152500000024,Baranzate,0.43939227778948187,713.0
152100000005,Settala,0.43937207617739316,783.0
150700000060,Cernusco sul Naviglio,0.43931147134112725,583.0
151460006047,Milano,0.4392854978398705,424.0
151890000213,Rozzano,0.4388554920968407,462.0
151570000006,Novate Milanese,0.43878478645453056,88.0
152300000017,Vaprio d'Adda,0.4387328394520168,94.0
151710000109,Peschiera Borromeo,0.43868233542179524,475.0
150320000094,Bresso,0.43861595869636105,435.0
151700000037,Pero,0.43850196388528945,76.0
151460001258,Milano,0.4384976349684133,457.0
150090000066,Arese,0.43838508312963376,496.0
150620000018,Castano Primo,0.4382162553714643,355.0
150410000018,Busto Garolfo,0.43819605375937565,359.0
152110000083,Settimo Milanese,0.4379579633311881,528.0
151730000009,Pieve Emanuele,0.4376837985956993,454.0
151300000035,Magenta,0.43757557567379596,87.0
151080000018,Gorgonzola,0.43745869491814016,513.0
150400000007,Bussero,0.43744426519521973,576.0
150090000009,Arese,0.4373201695781037,415.0
151300000121,Magenta,0.4372812093262185,227.0
152210000008,Trezzo sull'Adda,0.4372220474622446,729.0
151460002572,Milano,0.43716288559827077,207.0
152500000035,Baranzate,0.437109495623465,872.0
152370000005,Vignate,0.437046004842615,617.0
151300000070,Magenta,0.4370012727015616,125.0
151850000007,Rodano,0.43674009471670117,609.0
150600000059,Cassina de' Pecchi,0.4367242220214888,175.0
151810000008,Rescaldina,0.4365178769837262,325.0
150770000046,Cinisello Balsamo,0.43651354806685,107.0
151080000006,Gorgonzola,0.43644861431370796,480.0
151050000023,Garbagnate Milanese,0.43640821108953065,649.0
151440000003,Mesero,0.43625814197115786,821.0
151920000020,San Donato Milanese,0.43582236433895993,402.0
151030000137,Gaggiano,0.43576897436415424,155.0
151920000052,San Donato Milanese,0.43575598761352585,514.0
151660000257,Paderno Dugnano,0.43560158957827694,116.0
151460005063,Milano,0.4354529634321962,394.0
151660000286,Paderno Dugnano,0.4354082312911427,226.0
150400000011,Bussero,0.4353837007621779,550.0
151660000346,Paderno Dugnano,0.43534762645487685,89.0
151750000113,Pioltello,0.4351816846412915,318.0
150740000033,Cesano Boscone,0.4351759127521233,392.0
151570000066,Novate Milanese,0.4351484962785745,95.0
150090000031,Arese,0.43495946690831644,350.0
151570000041,Novate Milanese,0.4348368142634925,93.0
151130000023,Inveruno,0.43464922786552657,245.0
151570000010,Novate Milanese,0.43464057003177425,195.0
151730000011,Pieve Emanuele,0.4345496627773753,634.0
152490000011,Vanzaghello,0.4345453338604992,443.0
152110000142,Settimo Milanese,0.4343793920469139,434.0
151460004232,Milano,0.43432600207210814,115.0
151710000020,Peschiera Borromeo,0.43390032524595457,414.0
150960000006,Cuggiono,0.43384260635427274,723.0
150740000025,Cesano Boscone,0.4333418949689328,206.0
152110000109,Settimo Milanese,0.43327840418808283,190.0
151180000061,Legnano,0.4331153483190815,565.0
151460004776,Milano,0.4330864888732407,171.0
151460004771,Milano,0.4329854808127974,475.0
151080000005,Gorgonzola,0.4329017884198587,381.0
150770000057,Cinisello Balsamo,0.43281376711004393,57.0
151180000022,Legnano,0.43278923658107915,370.0
152350000001,Vermezzo,0.4326680269085472,666.0
152210000010,Trezzo sull'Adda,0.432567018848104,573.0
151950000110,San Giuliano Milanese,0.4321485568834107,493.0
151050000026,Garbagnate Milanese,0.4321196974375697,653.0
150400000008,Bussero,0.43169257763912416,556.0
151460002825,Milano,0.43160888524618546,346.0
152050000045,Segrate,0.4315857976895128,337.0
151660000116,Paderno Dugnano,0.4314948904351139,95.0
151050000028,Garbagnate Milanese,0.43142129884821945,755.0
151830000003,Robecchetto con Induno,0.43126401486838656,677.0
150860000046,Cormano,0.4311052879162614,136.0
150960000005,Cuggiono,0.4309278023243397,613.0
151080000038,Gorgonzola,0.4306998127021965,457.0
151730000008,Pieve Emanuele,0.4304804809138054,579.0
152000000001,Santo Stefano Ticino,0.4303621571858577,579.0
151590000003,Opera,0.4302496053470781,379.0
150770000217,Cinisello Balsamo,0.43013128161913033,109.0
152430000063,Vittuone,0.43012695270225426,164.0
150960000001,Cuggiono,0.42998987033450975,696.0
151460004037,Milano,0.4297402361279859,262.0
151460006067,Milano,0.4293924798056027,418.0
151460003057,Milano,0.4293506336091334,155.0
